president,party,year,keyword,text,score,topic
Obama,Democrat,2012,america,diploma,0.299388379,international
Obama,Democrat,2012,america,allowed,0.297888249,other
Obama,Democrat,2012,america,tied,0.295207113,other
Obama,Democrat,2012,america,kids,0.273112237,humanity
Obama,Democrat,2012,america,billions,0.270518303,other
Obama,Democrat,2012,america,women,0.267755985,humanity
Obama,Democrat,2012,america,chinese,0.264789999,humanity
Obama,Democrat,2012,america,jews,0.257758737,humanity
Obama,Democrat,2012,america,research,0.252992362,science & tech
Obama,Democrat,2012,america,holding,0.252950132,other
Obama,Democrat,2012,america,exploration,0.249647364,other
Obama,Democrat,2012,america,fiasco,0.242625922,other
Obama,Democrat,2012,america,cop-outs,0.232010201,other
Obama,Democrat,2012,america,learned,0.231798202,other
Obama,Democrat,2012,america,asia,0.231320977,international
Obama,Democrat,2012,america,poverty,0.230830565,society
Obama,Democrat,2012,america,share,0.226164773,other
Obama,Democrat,2012,america,politics,0.22596702,other
Obama,Democrat,2012,equality,chip,0.30339244,science & tech
Obama,Democrat,2012,equality,closest,0.285413295,other
Obama,Democrat,2012,equality,attorney,0.283502936,other
Obama,Democrat,2012,equality,focus,0.276006341,other
Obama,Democrat,2012,equality,quicker,0.271356583,other
Obama,Democrat,2012,equality,ultimately,0.265556127,other
Obama,Democrat,2012,equality,stable,0.257781953,other
Obama,Democrat,2012,equality,debt,0.257767618,economy
Obama,Democrat,2012,equality,resources,0.253854573,economy
Obama,Democrat,2012,equality,talibans,0.249705568,security
Obama,Democrat,2012,equality,lightweight,0.245364264,other
Obama,Democrat,2012,equality,directing,0.242205173,other
Obama,Democrat,2012,equality,paycheck,0.240931407,economy
Obama,Democrat,2012,freedom,resource,0.325659841,economy
Obama,Democrat,2012,freedom,charge,0.309022486,other
Obama,Democrat,2012,freedom,sanctions,0.282403916,international
Obama,Democrat,2012,freedom,deeper,0.275830388,other
Obama,Democrat,2012,freedom,strongest,0.270622492,other
Obama,Democrat,2012,freedom,high-paying,0.266963392,economy
Obama,Democrat,2012,freedom,rising,0.258477062,other
Obama,Democrat,2012,freedom,guarantee,0.255504519,other
Obama,Democrat,2012,freedom,workers,0.244578585,society
Obama,Democrat,2012,freedom,cheaper,0.241172582,other
Obama,Democrat,2012,life,irans,0.330244422,security
Obama,Democrat,2012,life,bans,0.291299433,other
Obama,Democrat,2012,life,workers,0.26995036,society
Obama,Democrat,2012,life,resource,0.261926621,economy
Obama,Democrat,2012,life,liberal,0.23087582,society
Obama,Democrat,2012,life,plants,0.230446726,society
Obama,Democrat,2012,life,investigators,0.224295735,other
Obama,Democrat,2012,life,watching,0.223706037,other
Obama,Democrat,2012,life,institutions,0.220874414,society
Obama,Democrat,2012,life,lightweight,0.216951281,other
Obama,Democrat,2012,life,strength,0.216497838,other
Obama,Democrat,2012,life,recovery,0.21515587,society
Obama,Democrat,2012,life,climate,0.210390612,society
Obama,Democrat,2013,america,forces,0.293380409,other
Obama,Democrat,2013,america,embrace,0.278787673,other
Obama,Democrat,2013,america,kids,0.273864597,humanity
Obama,Democrat,2013,america,story,0.268910021,other
Obama,Democrat,2013,america,lives,0.258507848,other
Obama,Democrat,2013,america,well-off,0.257965595,other
Obama,Democrat,2013,america,foundation,0.25111565,other
Obama,Democrat,2013,america,certainly,0.24758999,other
Obama,Democrat,2013,america,advanced,0.244516909,other
Obama,Democrat,2013,america,approach,0.236081809,other
Obama,Democrat,2013,america,defending,0.231989041,other
Obama,Democrat,2013,america,transitions,0.230687052,other
Obama,Democrat,2013,america,diligently,0.228134185,other
Obama,Democrat,2013,america,skyrocketing,0.22323212,other
Obama,Democrat,2013,america,strong,0.222134173,other
Obama,Democrat,2013,america,child,0.221561015,humanity
Obama,Democrat,2013,equality,threatens,0.346911371,other
Obama,Democrat,2013,equality,earn,0.323641896,other
Obama,Democrat,2013,equality,murphy,0.290502369,other
Obama,Democrat,2013,equality,rewarded,0.280579865,other
Obama,Democrat,2013,equality,stolen,0.275630713,other
Obama,Democrat,2013,equality,retirement,0.273785084,society
Obama,Democrat,2013,equality,nationality,0.259161264,society
Obama,Democrat,2013,equality,adults,0.257041514,society
Obama,Democrat,2013,equality,manufacturers,0.255405605,economy
Obama,Democrat,2013,equality,middle,0.252836764,society
Obama,Democrat,2013,equality,serve,0.252236098,other
Obama,Democrat,2013,equality,magnet,0.251006454,other
Obama,Democrat,2013,equality,enemies,0.244377032,security
Obama,Democrat,2013,equality,replaces,0.242237762,other
Obama,Democrat,2013,equality,finances,0.237673238,economy
Obama,Democrat,2013,equality,trans-atlantic,0.237565517,international
Obama,Democrat,2013,equality,pollution,0.236647815,society
Obama,Democrat,2013,equality,cuts,0.234737381,economy
Obama,Democrat,2013,freedom,beginning,0.289534807,other
Obama,Democrat,2013,freedom,leaders,0.26765728,other
Obama,Democrat,2013,freedom,path,0.253752232,other
Obama,Democrat,2013,freedom,systems,0.234426588,other
Obama,Democrat,2013,freedom,slip,0.232461825,other
Obama,Democrat,2013,freedom,system,0.22952728,other
Obama,Democrat,2013,freedom,dollar,0.224969879,economy
Obama,Democrat,2013,freedom,locate,0.223405719,other
Obama,Democrat,2013,freedom,fix,0.218440384,other
Obama,Democrat,2013,freedom,transition,0.214949861,other
Obama,Democrat,2013,freedom,status,0.21381259,other
Obama,Democrat,2013,life,friends,0.275039583,other
Obama,Democrat,2013,life,hopeful,0.264836431,other
Obama,Democrat,2013,life,middle,0.260990262,other
Obama,Democrat,2013,life,murdered,0.252970994,society
Obama,Democrat,2013,life,live,0.247335956,other
Obama,Democrat,2013,life,courage,0.247274771,other
Obama,Democrat,2013,life,terrorists,0.24097389,security
Obama,Democrat,2013,life,regions,0.231287241,humanity
Obama,Democrat,2014,america,insurance,0.385547936,society
Obama,Democrat,2014,america,standards,0.277690142,other
Obama,Democrat,2014,america,enriched,0.272408158,other
Obama,Democrat,2014,america,leading,0.263504118,other
Obama,Democrat,2014,america,wrong,0.259179294,other
Obama,Democrat,2014,america,impact,0.257964104,other
Obama,Democrat,2014,america,reaching,0.250600845,other
Obama,Democrat,2014,america,premiums,0.243865833,society
Obama,Democrat,2014,america,families,0.235816523,humanity
Obama,Democrat,2014,america,tightknit,0.229953825,other
Obama,Democrat,2014,america,projects,0.229254872,other
Obama,Democrat,2014,america,friends,0.224964589,other
Obama,Democrat,2014,america,lower-wage,0.223430559,society
Obama,Democrat,2014,equality,operations,0.297073275,other
Obama,Democrat,2014,equality,pension,0.261843473,society
Obama,Democrat,2014,equality,centrifuges,0.260682344,other
Obama,Democrat,2014,equality,battered,0.255756259,society
Obama,Democrat,2014,equality,widely,0.253543347,other
Obama,Democrat,2014,equality,performance,0.252015263,other
Obama,Democrat,2014,equality,race,0.249647394,humanity
Obama,Democrat,2014,equality,automaker,0.236433297,economy
Obama,Democrat,2014,equality,problem,0.232044429,other
Obama,Democrat,2014,equality,meals,0.223115861,other
Obama,Democrat,2014,equality,works,0.222586647,economy
Obama,Democrat,2014,equality,childhood,0.221694663,humanity
Obama,Democrat,2014,equality,tax payers,0.216323167,society
Obama,Democrat,2014,equality,drain,0.213952094,other
Obama,Democrat,2014,equality,raised,0.210946515,other
Obama,Democrat,2014,equality,iraq,0.321221173,security
Obama,Democrat,2014,freedom,upside down,0.309472322,other
Obama,Democrat,2014,freedom,cyberattacks,0.264768422,security
Obama,Democrat,2014,freedom,nato,0.262283951,security
Obama,Democrat,2014,freedom,drought,0.256436914,society
Obama,Democrat,2014,freedom,open ended,0.250371963,other
Obama,Democrat,2014,freedom,olympic,0.241046533,society
Obama,Democrat,2014,freedom,easier,0.240635842,other
Obama,Democrat,2014,freedom,greatest,0.239516363,other
Obama,Democrat,2014,freedom,administration,0.237078264,other
Obama,Democrat,2014,freedom,loved,0.23656182,other
Obama,Democrat,2014,freedom,dropped,0.233423814,other
Obama,Democrat,2014,freedom,cooperation,0.222247601,economy
Obama,Democrat,2014,life,targeted,0.316832632,other
Obama,Democrat,2014,life,costco,0.276153326,security
Obama,Democrat,2014,life,doubled,0.275380164,other
Obama,Democrat,2014,life,intend,0.271086872,other
Obama,Democrat,2014,life,leadership,0.26088807,other
Obama,Democrat,2014,life,democrats,0.253662556,other
Obama,Democrat,2014,life,physician,0.235894442,society
Obama,Democrat,2014,life,virtue,0.234833181,other
Obama,Democrat,2014,life,systems,0.234123513,other
Obama,Democrat,2014,life,childs,0.23106271,humanity
Obama,Democrat,2014,life,civilian,0.231056705,humanity
Obama,Democrat,2014,life,plants,0.229639024,society
Obama,Democrat,2014,life,future,0.226371467,society
Obama,Democrat,2015,america,require,0.361312,other
Obama,Democrat,2015,america,wants,0.33373913,other
Obama,Democrat,2015,america,unfolded,0.31117177,other
Obama,Democrat,2015,america,grandmother,0.29349798,humanity
Obama,Democrat,2015,america,cancer,0.27623385,society
Obama,Democrat,2015,america,google,0.26596767,science & tech
Obama,Democrat,2015,america,events,0.26033044,other
Obama,Democrat,2015,america,serves,0.23370811,other
Obama,Democrat,2015,america,israel,0.2336179,international
Obama,Democrat,2015,america,abuse,0.23113126,society
Obama,Democrat,2015,america,churning,0.22946452,other
Obama,Democrat,2015,america,executives,0.22763498,economy
Obama,Democrat,2015,america,earning,0.22593106,other
Obama,Democrat,2015,freedom,online,0.388917774,science & tech
Obama,Democrat,2015,freedom,infrastructure,0.311127394,economy
Obama,Democrat,2015,freedom,past,0.282909781,other
Obama,Democrat,2015,freedom,coverage,0.278910816,other
Obama,Democrat,2015,freedom,israel,0.270873636,international
Obama,Democrat,2015,freedom,national,0.263540268,other
Obama,Democrat,2015,freedom,home,0.262755781,other
Obama,Democrat,2015,freedom,blue,0.252135843,other
Obama,Democrat,2015,freedom,faces,0.250598192,other
Obama,Democrat,2015,freedom,assembly,0.24925296,other
Obama,Democrat,2015,freedom,tucson,0.233345583,international
Obama,Democrat,2015,freedom,global,0.224480629,international
Obama,Democrat,2015,life,values,0.291826516,other
Obama,Democrat,2015,life,news,0.286063671,other
Obama,Democrat,2015,life,lands,0.266227424,other
Obama,Democrat,2015,life,advocates,0.266198456,other
Obama,Democrat,2015,life,white,0.266010582,other
Obama,Democrat,2015,life,republican,0.26010713,other
Obama,Democrat,2015,life,earnings,0.254647434,society
Obama,Democrat,2015,life,earth,0.252484769,other
Obama,Democrat,2015,life,lifting,0.239481881,other
Obama,Democrat,2015,life,pope,0.236126125,other
Obama,Democrat,2015,life,up,0.23601082,other
Obama,Democrat,2015,life,taxpayer-funded,0.231957272,society
Obama,Democrat,2015,life,cooperation,0.22964713,economy
Obama,Democrat,2015,life,season,0.229442403,other
Obama,Democrat,2015,life,competition,0.228188962,other
Obama,Democrat,2015,life,actions,0.225864068,other
Obama,Democrat,2015,life,truth,0.219699949,other
Obama,Democrat,2016,america,overrides,0.293556005,other
Obama,Democrat,2016,america,betrays,0.281940579,other
Obama,Democrat,2016,america,young,0.276369691,humanity
Obama,Democrat,2016,america,group,0.26856339,other
Obama,Democrat,2016,america,foreign,0.259160846,international
Obama,Democrat,2016,america,bullied,0.256344289,other
Obama,Democrat,2016,america,seeing,0.25620836,other
Obama,Democrat,2016,america,arizona,0.244524375,society
Obama,Democrat,2016,america,justice,0.242180303,society
Obama,Democrat,2016,america,innovation,0.237494722,science & tech
Obama,Democrat,2016,america,generate,0.231452823,other
Obama,Democrat,2016,america,recruitment,0.229539052,society
Obama,Democrat,2016,america,accomplish,0.229343131,other
Obama,Democrat,2016,america,life,0.220819741,other
Obama,Democrat,2016,america,nuclear,0.220614612,security
Obama,Democrat,2016,america,united,0.213731557,other
Obama,Democrat,2016,america,cut,0.212678015,other
Obama,Democrat,2016,equality,becoming,0.332275063,other
Obama,Democrat,2016,equality,hopeless,0.321494043,other
Obama,Democrat,2016,equality,control,0.301417738,other
Obama,Democrat,2016,equality,optimism,0.296369046,other
Obama,Democrat,2016,equality,internet,0.278913558,science & tech
Obama,Democrat,2016,equality,movements,0.273246825,other
Obama,Democrat,2016,equality,bin,0.26708585,other
Obama,Democrat,2016,equality,dangerous,0.265724182,other
Obama,Democrat,2016,equality,started,0.259454519,other
Obama,Democrat,2016,equality,constructive,0.257154822,other
Obama,Democrat,2016,equality,poverty,0.236000448,society
Obama,Democrat,2016,equality,loss,0.234087825,other
Obama,Democrat,2016,equality,epidemic,0.217028424,society
Obama,Democrat,2016,freedom,insurance,0.339031577,society
Obama,Democrat,2016,freedom,marry,0.334810436,humanity
Obama,Democrat,2016,freedom,creation,0.308154851,other
Obama,Democrat,2016,freedom,economy,0.294804215,economy
Obama,Democrat,2016,freedom,straight,0.291538388,other
Obama,Democrat,2016,freedom,recklessness,0.287213683,other
Obama,Democrat,2016,freedom,pays,0.258319974,economy
Obama,Democrat,2016,freedom,open,0.257226974,other
Obama,Democrat,2016,freedom,silicon,0.24625656,science & tech
Obama,Democrat,2016,freedom,ideology,0.229035273,humanity
Obama,Democrat,2016,freedom,falls,0.223604783,other
Obama,Democrat,2016,freedom,regulations,0.221672937,other
Obama,Democrat,2016,freedom,uphold,0.220801979,other
Obama,Democrat,2016,freedom,violence,0.220193103,security
Obama,Democrat,2016,freedom,energy,0.219993562,economy
Obama,Democrat,2016,freedom,tools,0.218512297,other
Obama,Democrat,2016,life,echoing,0.375368774,other
Obama,Democrat,2016,life,grinds,0.318561494,other
Obama,Democrat,2016,life,betrays,0.262371182,other
Obama,Democrat,2016,life,principled,0.254690796,other
Obama,Democrat,2016,life,developing,0.248754755,other
Obama,Democrat,2016,life,solution,0.241759613,other
Obama,Democrat,2016,life,asian,0.241159827,international
Obama,Democrat,2016,life,lincoln,0.239219382,other
Obama,Democrat,2016,life,foreign,0.239144593,international
Obama,Democrat,2016,life,savings,0.235708669,other
Obama,Democrat,2016,life,mosque,0.22639972,security
Obama,Democrat,2016,life,smarter,0.226311028,other
Obama,Democrat,2016,life,nuclear-armed,0.221414536,security
Obama,Democrat,2016,life,america,0.220819771,other
Trump,Republican,2017,america,pay,0.367532194,economy
Trump,Republican,2017,america,police,0.327327222,society
Trump,Republican,2017,america,countless,0.309006482,other
Trump,Republican,2017,america,survivor,0.276783496,other
Trump,Republican,2017,america,defended,0.257808924,security
Trump,Republican,2017,america,supreme,0.236437172,other
Trump,Republican,2017,america,builders,0.235376954,other
Trump,Republican,2017,america,sciences,0.234800816,science & tech
Trump,Republican,2017,america,joining,0.222809836,other
Trump,Republican,2017,america,joined,0.22261104,other
Trump,Republican,2017,america,republicans,0.2174429,other
Trump,Republican,2017,america,sons,0.217402861,other
Trump,Republican,2017,america,victories,0.215822116,other
Trump,Republican,2017,america,role,0.21513851,other
Trump,Republican,2017,america,imposed,0.214834914,other
Trump,Republican,2017,america,advice,0.214638293,other
Trump,Republican,2017,freedom,choice,0.422024071,other
Trump,Republican,2017,freedom,intelligence,0.321045339,security
Trump,Republican,2017,freedom,faiths,0.283038676,other
Trump,Republican,2017,freedom,creations,0.249373332,other
Trump,Republican,2017,freedom,diagnosed,0.248598665,society
Trump,Republican,2017,freedom,worst,0.243631169,other
Trump,Republican,2017,freedom,saving,0.237362355,other
Trump,Republican,2017,freedom,builders,0.232609108,other
Trump,Republican,2017,freedom,spoke,0.230878919,other
Trump,Republican,2017,freedom,duty,0.219565749,other
Trump,Republican,2017,freedom,israel,0.218765706,international
Trump,Republican,2017,freedom,interests,0.218748286,other
Trump,Republican,2017,freedom,protest,0.210481703,other
Trump,Republican,2017,happy,found,0.270242155,other
Trump,Republican,2017,happy,high-paying,0.25806421,economy
Trump,Republican,2017,happy,shooting,0.252280027,security
Trump,Republican,2017,happy,left,0.249709666,other
Trump,Republican,2017,happy,beautiful,0.247842804,other
Trump,Republican,2017,happy,eliminates,0.224534974,other
Trump,Republican,2017,happy,infrastructure,0.218353316,economy
Trump,Republican,2017,life,rely,0.330406487,other
Trump,Republican,2017,life,american,0.309274793,other
Trump,Republican,2017,life,ballistic,0.268990725,security
Trump,Republican,2017,life,artists,0.255421698,humanity
Trump,Republican,2017,life,interests,0.255004674,other
Trump,Republican,2017,life,unbreakable,0.254004657,other
Trump,Republican,2017,life,heroic,0.249727681,humanity
Trump,Republican,2017,life,thereby,0.244122073,other
Trump,Republican,2017,life,keystone,0.241988227,other
Trump,Republican,2017,life,diagnosed,0.238973379,society
Trump,Republican,2017,life,conflict,0.235364407,security
Trump,Republican,2017,life,national,0.233249411,other
Trump,Republican,2017,life,funding,0.232357487,economy
Trump,Republican,2017,life,living,0.227633998,other
Trump,Republican,2017,life,enforcing,0.226973042,other
Trump,Republican,2018,america,woman,0.293889821,humanity
Trump,Republican,2018,america,reexamine,0.292951256,other
Trump,Republican,2018,america,americas,0.29230985,other
Trump,Republican,2018,america,socialist,0.278117031,society
Trump,Republican,2018,america,otto,0.27521807,other
Trump,Republican,2018,america,rivals,0.266888171,other
Trump,Republican,2018,america,inmates,0.264654517,society
Trump,Republican,2018,america,migration,0.263654679,society
Trump,Republican,2018,america,restoring,0.254397303,other
Trump,Republican,2018,america,tormentors,0.251704872,society
Trump,Republican,2018,america,proud,0.244890317,other
Trump,Republican,2018,freedom,sacred,0.358987927,other
Trump,Republican,2018,freedom,civilian,0.283978194,society
Trump,Republican,2018,freedom,gaining,0.271915585,other
Trump,Republican,2018,freedom,system,0.261105061,other
Trump,Republican,2018,freedom,everywhere,0.24282527,other
Trump,Republican,2018,freedom,leveraged,0.238824129,other
Trump,Republican,2018,freedom,bureaucracy,0.237677813,society
Trump,Republican,2018,freedom,hope,0.233277395,other
Trump,Republican,2018,freedom,pillars,0.21855323,other
Trump,Republican,2018,freedom,ancestors,0.217667878,other
Trump,Republican,2018,freedom,negotiate,0.213215962,other
Trump,Republican,2018,freedom,clean,0.209441513,other
Trump,Republican,2018,freedom,fourth,0.208622694,other
Trump,Republican,2018,freedom,provocation,0.208552629,other
Trump,Republican,2018,freedom,increase,0.208183721,other
Trump,Republican,2018,life,values,0.347674817,other
Trump,Republican,2018,life,motor,0.28271088,economy
Trump,Republican,2018,life,prisons,0.253157824,society
Trump,Republican,2018,life,adams,0.252376258,other
Trump,Republican,2018,life,criminals,0.249514684,society
Trump,Republican,2018,life,hard,0.24893339,other
Trump,Republican,2018,life,fighting,0.246700957,other
Trump,Republican,2018,life,recession,0.24401249,economy
Trump,Republican,2018,life,reliable,0.237394795,other
Trump,Republican,2018,life,storms,0.227576733,society
Trump,Republican,2018,life,lottery,0.226457253,society
Trump,Republican,2018,life,earned,0.223034009,economy
Trump,Republican,2018,life,plant,0.220978886,economy
Trump,Republican,2018,life,changes,0.220090941,other
Trump,Republican,2018,life,circuit,0.215444714,other
Trump,Republican,2018,life,shooting,0.212804645,society
Trump,Republican,2018,life,forgotten,0.211489424,other
Trump,Republican,2018,life,heritage,0.211049929,humanity
Trump,Republican,2019,america,sentenced,0.35112527,other
Trump,Republican,2019,america,differences,0.267376333,other
Trump,Republican,2019,america,gates,0.257481217,other
Trump,Republican,2019,america,rebuild,0.238711238,other
Trump,Republican,2019,america,theories,0.235198051,other
Trump,Republican,2019,america,harmed,0.231806263,other
Trump,Republican,2019,america,wrong,0.230906337,other
Trump,Republican,2019,america,political,0.223086476,other
Trump,Republican,2019,america,gang,0.221888304,society
Trump,Republican,2019,america,farms,0.220589057,economy
Trump,Republican,2019,america,brightest,0.219026193,other
Trump,Republican,2019,equality,asian,0.335456848,international
Trump,Republican,2019,equality,tax,0.332506746,economy
Trump,Republican,2019,equality,prosperous,0.310355872,economy
Trump,Republican,2019,equality,illustrates,0.286074013,other
Trump,Republican,2019,equality,natural,0.275563598,other
Trump,Republican,2019,equality,lawmakers,0.257618099,other
Trump,Republican,2019,equality,unpopular,0.253161371,other
Trump,Republican,2019,equality,launched,0.250129253,other
Trump,Republican,2019,equality,vengeance,0.237391621,other
Trump,Republican,2019,equality,strategic,0.235101148,other
Trump,Republican,2019,equality,commitment,0.23089911,other
Trump,Republican,2019,equality,empires,0.227470249,other
Trump,Republican,2019,freedom,sea,0.327453941,other
Trump,Republican,2019,freedom,steel,0.294053167,economy
Trump,Republican,2019,freedom,wounds,0.283123106,other
Trump,Republican,2019,freedom,north,0.281217545,other
Trump,Republican,2019,freedom,radical,0.269007474,other
Trump,Republican,2019,freedom,trafficking,0.249955356,society
Trump,Republican,2019,freedom,devotion,0.230754122,other
Trump,Republican,2019,freedom,safe,0.229924947,security
Trump,Republican,2019,freedom,immediately,0.229332268,other
Trump,Republican,2019,freedom,manufacturing,0.227537274,economy
Trump,Republican,2019,freedom,discredited,0.225566521,other
Trump,Republican,2019,freedom,attacked,0.222617447,security
Trump,Republican,2019,freedom,make,0.222350135,other
Trump,Republican,2019,freedom,york,0.221464798,other
Trump,Republican,2019,freedom,lawless,0.221207395,society
Trump,Republican,2019,freedom,priority,0.215980172,other
Trump,Republican,2019,freedom,honored,0.214057848,other
Trump,Republican,2019,happy,repeatedly,0.286047161,other
Trump,Republican,2019,happy,tyranny,0.250139147,society
Trump,Republican,2019,happy,workforce,0.241056845,society
Trump,Republican,2019,happy,friend,0.239262715,other
Trump,Republican,2019,happy,structural,0.231825531,other
Trump,Republican,2019,happy,hope,0.229949296,other
Trump,Republican,2019,happy,green,0.229777291,other
Trump,Republican,2019,happy,wounded,0.228008926,other
Trump,Republican,2019,happy,loopholes,0.224158555,other
Trump,Republican,2019,happy,signing,0.218677089,other
Trump,Republican,2019,happy,illegal,0.216959909,society
Trump,Republican,2019,life,sadistic,0.321912736,humanity
Trump,Republican,2019,life,revenge,0.3180134,other
Trump,Republican,2019,life,priority,0.285905033,other
Trump,Republican,2019,life,absolute,0.283078969,other
Trump,Republican,2019,life,gridlock,0.267308742,other
Trump,Republican,2019,life,paramount,0.266891509,other
Trump,Republican,2019,life,poison,0.250357836,humanity
Trump,Republican,2019,life,son,0.248939767,other
Trump,Republican,2019,life,navy,0.243333727,other
Trump,Republican,2019,life,whose,0.239972934,other
Trump,Republican,2019,life,civilization,0.228588358,other
Trump,Republican,2019,life,century,0.226043209,other
Trump,Republican,2020,america,confidence,0.384501964,other
Trump,Republican,2020,america,education,0.311082363,humanity
Trump,Republican,2020,america,lincoln,0.290392399,other
Trump,Republican,2020,america,price,0.284309268,economy
Trump,Republican,2020,america,record-breaking,0.282571733,other
Trump,Republican,2020,america,public,0.276899546,other
Trump,Republican,2020,america,astronauts,0.269626617,science & tech
Trump,Republican,2020,america,strong,0.265063852,other
Trump,Republican,2020,america,unemployment,0.256995112,society
Trump,Republican,2020,america,decline,0.256430894,other
Trump,Republican,2020,america,factory,0.252667069,economy
Trump,Republican,2020,america,immediately,0.246496826,other
Trump,Republican,2020,america,employed,0.2298657,economy
Trump,Republican,2020,america,executed,0.227869317,other
Trump,Republican,2020,equality,flat,0.302492857,other
Trump,Republican,2020,equality,prohibit,0.28293851,other
Trump,Republican,2020,equality,follow,0.279506534,other
Trump,Republican,2020,equality,depletion,0.267242461,other
Trump,Republican,2020,equality,recognition,0.25232771,other
Trump,Republican,2020,equality,technical,0.245381802,science & tech
Trump,Republican,2020,equality,gains,0.241945326,other
Trump,Republican,2020,equality,doubled,0.239352554,other
Trump,Republican,2020,equality,glory,0.236783922,other
Trump,Republican,2020,equality,heights,0.232175082,other
Trump,Republican,2020,equality,signed,0.228427097,other
Trump,Republican,2020,equality,sexual,0.227813423,humanity
Trump,Republican,2020,equality,revive,0.226246983,other
Trump,Republican,2020,equality,sanctions,0.225073621,international
Trump,Republican,2020,equality,welfare,0.220524713,security
Trump,Republican,2020,freedom,income,0.34767586,economy
Trump,Republican,2020,freedom,optimism,0.320326567,other
Trump,Republican,2020,freedom,workers,0.317694843,society
Trump,Republican,2020,freedom,uniform,0.314868063,other
Trump,Republican,2020,freedom,wage,0.307654113,economy
Trump,Republican,2020,freedom,daily,0.278982848,other
Trump,Republican,2020,freedom,communities,0.260020465,other
Trump,Republican,2020,freedom,operation,0.258375376,other
Trump,Republican,2020,freedom,tax,0.237829208,economy
Trump,Republican,2020,freedom,products,0.236953467,other
Trump,Republican,2020,freedom,ensure,0.235849693,other
Trump,Republican,2020,freedom,believe,0.235781401,other
Trump,Republican,2020,happy,moms,0.30260393,humanity
Trump,Republican,2020,happy,celebrated,0.288621724,other
Trump,Republican,2020,happy,executive,0.276274353,economy
Trump,Republican,2020,happy,amounts,0.274759769,other
Trump,Republican,2020,happy,gallery,0.269352317,other
Trump,Republican,2020,happy,husband,0.258893102,humanity
Trump,Republican,2020,happy,presidential,0.255616248,other
Trump,Republican,2020,happy,melania,0.251909763,other
Trump,Republican,2020,happy,theft,0.246084899,security
Trump,Republican,2020,happy,obligations,0.24437283,other
Trump,Republican,2020,happy,roaring,0.241292804,other
Trump,Republican,2020,happy,disease,0.24070175,security
Trump,Republican,2020,happy,us-mexico-canada,0.231437519,international
Trump,Republican,2020,life,rescued,0.361634314,other
Trump,Republican,2020,life,society,0.307203412,other
Trump,Republican,2020,life,legends,0.2911897,other
Trump,Republican,2020,life,companies,0.283578336,economy
Trump,Republican,2020,life,economic,0.265596837,economy
Trump,Republican,2020,life,burden,0.264643639,other
Trump,Republican,2020,life,exactly,0.259861737,other
Trump,Republican,2020,life,blood,0.252542555,other
Trump,Republican,2020,life,conditions,0.252493829,other
Trump,Republican,2020,life,disabled,0.25041759,society
Trump,Republican,2020,life,financially,0.23817642,economy
Trump,Republican,2020,life,workers,0.226063237,society
Trump,Republican,2020,life,almighty,0.224758893,other
Biden,Democrat,2021,america,prescription,0.305644274,other
Biden,Democrat,2021,america,enhanced,0.304434687,other
Biden,Democrat,2021,america,politicians,0.28356415,other
Biden,Democrat,2021,america,strenuously,0.275101304,other
Biden,Democrat,2021,america,family,0.271579802,humanity
Biden,Democrat,2021,america,vaccinated,0.270015001,society
Biden,Democrat,2021,america,loved,0.268900484,other
Biden,Democrat,2021,america,bill,0.255607039,other
Biden,Democrat,2021,america,caught,0.254303306,other
Biden,Democrat,2021,america,died,0.25141567,other
Biden,Democrat,2021,america,exhausting,0.24172914,other
Biden,Democrat,2021,america,state,0.239394292,other
Biden,Democrat,2021,america,commitments,0.23759909,other
Biden,Democrat,2021,america,senior,0.232599422,humanity
Biden,Democrat,2021,equal,osama bin,0.317577004,security
Biden,Democrat,2021,equal,takeoff,0.288833529,other
Biden,Democrat,2021,equal,justification,0.252270758,society
Biden,Democrat,2021,equal,paid,0.250698656,other
Biden,Democrat,2021,equal,homeland,0.248868123,security
Biden,Democrat,2021,equal,influenced,0.230504468,other
Biden,Democrat,2021,equal,workers,0.22955443,society
Biden,Democrat,2021,equal,extraordinary,0.225971147,other
Biden,Democrat,2021,equal,democrat,0.225069985,other
Biden,Democrat,2021,freedom,china,0.370873481,international
Biden,Democrat,2021,freedom,detect,0.296774268,other
Biden,Democrat,2021,freedom,unionize,0.271556497,society
Biden,Democrat,2021,freedom,maintain,0.270330578,other
Biden,Democrat,2021,freedom,struggle,0.26486814,other
Biden,Democrat,2021,freedom,mobile,0.250332326,other
Biden,Democrat,2021,freedom,dealing,0.240531549,other
Biden,Democrat,2021,freedom,migration,0.240321845,society
Biden,Democrat,2021,freedom,products,0.23747322,other
Biden,Democrat,2021,freedom,benefit,0.236880556,other
Biden,Democrat,2021,freedom,resilient,0.236716941,other
Biden,Democrat,2021,life,systemic,0.30986163,other
Biden,Democrat,2021,life,leadership,0.264930129,other
Biden,Democrat,2021,life,guns,0.253985822,security
Biden,Democrat,2021,life,endowments,0.246971205,other
Biden,Democrat,2021,life,nih,0.244201094,society
Biden,Democrat,2021,life,invest,0.229592383,economy
Biden,Democrat,2021,life,political,0.222625434,other
Biden,Democrat,2021,life,investment,0.217406303,economy
Biden,Democrat,2021,life,built,0.214830413,other
Biden,Democrat,2021,life,conditions,0.212443352,other
Biden,Democrat,2021,life,guests,0.211018503,other
Biden,Democrat,2021,life,marshalling,0.209858075,society
Biden,Democrat,2021,life,election,0.205866382,other
Biden,Democrat,2021,life,waiting,0.204617351,other
Biden,Democrat,2021,life,house,0.201414734,other